train_acc,train_loss,val_acc,val_loss,curr_epoch
0.65919,1.1644692,0.7960759493670886,0.63429743,0
0.8202699999999999,0.5529063,0.8345569620253166,0.48796448,1
0.84632,0.45523944,0.8531012658227848,0.43149418,2
0.85821,0.41568342,0.8606962025316455,0.40694815,3
0.87,0.37196076,0.8743670886075952,0.3589454,5
